{ 
  "1GROSP7": [
    -1124.9934755030672,
    -3901.9558020850054
  ],
  "1GEN.P7": [
    4889.052038392416,
    -4068.9614078296618
  ],
  "1GROSP7": [
    -274.2517957468999,
    -1651.8362563807177
  ],
  "1VIELP7": [
    1112.3992992760323,
    852.1196231486811
  ],
  "2H.PAP7": [
    -2998.3445679719257,
    -352.2222442912853
  ],
  "AISERP3": [
    -2441.3937377047323,
    1258.2345191040845
  ],
  "AUXONP3": [
    -2323.1323948772315,
    259.5983871928811
  ],
  "B.ROCP3": [
    1536.0084812545,
    1954.403109089585
  ],
  "BEON P3": [
    -2098.855370799766,
    254.99698757291026
  ],
  "BOCTOP7": [
    -353.79190312321043,
    5000.0
  ],
  "BOISSP6": [
    454.19498948347155,
    -5000.0
  ],
  "BUGEYP1": [
    1561.6336619630474,
    -4154.037645407538
  ],
  "BUGEYP7": [
    1571.6336619630474,
    -4164.037645407538
  ],
  "BXNE P3": [
    -4570.948301764849,
    325.9048867526035
  ],
  "BXNE5P3": [
    -3940.0132661333755,
    960.269066015188
  ],
  "C.FOUP3": [
    -856.8278067226411,
    -422.5673823663774
  ],
  "C.REGP3": [
    1080.4812091456952,
    774.0282439867324
  ],
  "C.REGP6": [
    860.6262295267843,
    880.0259532180007
  ],
  "C.SAUP3": [
    2576.6062509566927,
    700.8030931998601
  ],
  "CHAGNP3": [
    -2921.695797356978,
    -92.62385709840419
  ],
  "CHAL5P3": [
    -2232.5371763545345,
    -526.5788759343486
  ],
  "CHALOP3": [
    -1654.0997454489793,
    -1221.3571149555419
  ],
  "CHALOP6": [
    -1174.3079216957972,
    -985.7588336941626
  ],
  "CIZE P6": [
    2762.50219684901,
    -3832.6348474917413
  ],
  "COLLOP3": [
    -2584.2030965649788,
    442.19781383862664
  ],
  "COMMUP6": [
    -4045.9722545056666,
    190.97463602597963
  ],
  "CORGOP3": [
    -4710.809630986059,
    1140.5512410537535
  ],
  "COUCHP3": [
    -1270.6858137412196,
    1895.6773326447787
  ],
  "COUCHP6": [
    -783.2971443797514,
    1635.4830807529083
  ],
  "CPVANP3": [
    -1028.9473833402308,
    558.1928085751551
  ],
  "CPVANP6": [
    -681.8168933436891,
    782.9662144715676
  ],
  "CRENEP7": [
    3038.8799755086766,
    3603.425559947299
  ],
  "CREYSP7": [
    3859.452686958937,
    -4957.528088399838
  ],
  "CUISEP3": [
    1530.7927365085125,
    -2022.2985811799444
  ],
  "CURTIP6": [
    -2478.1307224373404,
    -1530.0812362206289
  ],
  "FLEYRP6": [
    2841.078525304866,
    -3006.8656854761293
  ],
  "FRON5P3": [
    -506.5792084540417,
    -1847.18056686595
  ],
  "FTAINP3": [
    -3517.4812488307093,
    94.17972603465296
  ],
  "G.CHEP3": [
    350.9005663618482,
    -1949.768605875226
  ],
  "GEN.PP6": [
    5000.0,
    -4281.784416151906
  ],
  "GENISP1" :[
    5012.0,
    -4293.784416151906
  ],
  "GENISP6": [
    5010.0,
    -4291.784416151906
  ],
  "GEN.PP7": [
    4778.160769662507,
    -3856.10529591303
  ],
  "GENLIP3": [
    -2436.9150003685036,
    844.0092425235534
  ],
  "GEVREP3": [
    -4529.052265163928,
    1818.0163002098766
  ],
  "GROSNP6": [
    -1311.901535810056,
    -2056.3290762110946
  ],
  "GROSNP7": [
    1408.3361207331527,
    -1683.8805357485717
  ],
  "GUEUGP6": [
    -2365.822131765586,
    -2057.818737958568
  ],
  "H.PAUP6": [
    -3572.0764900305576,
    -567.4618150038732
  ],
  "H.PAUP7": [
    -2449.047276190692,
    -197.59535490363578
  ],
  "IZERNP6": [
    3628.8260605820087,
    -4101.833277057223
  ],
  "KIR  P3": [
    2181.910436591851,
    1842.1819241133203
  ],
  "LOUHAP3": [
    -519.0516415422726,
    -1329.109314689389
  ],
  "M.SEIP7": [
    921.684458781443,
    4531.948278944128
  ],
  "MACONP6": [
    -1241.6590603722452,
    -2672.784210909621
  ],
  "MAGNYP3": [
    868.1663822573973,
    -412.37147529478716
  ],
  "MAGNYP6": [
    204.23609181978463,
    -262.77633225415593
  ],
  "MERVAP3": [
    -896.9663641156758,
    -901.6757039479344
  ],
  "MEURSP3": [
    -3926.1235111033,
    357.94916612045745
  ],
  "MOLLEP3": [
    -2387.9323540583596,
    -275.4219053104789
  ],
  "MTAGNP3": [
    -4046.5958761600778,
    570.2425169324888
  ],
  "N.GEOP3": [
    -5000.0,
    1476.3209989340644
  ],
  "N.SE1P1": [
    -959.1584509238105,
    4758.8403148813895
  ],
  "N.SE1P7": [
    -930.8120120869216,
    4758.8403148813895
  ],
  "N.SE2P1": [
    -968.8529330060264,
    4581.173323799499
  ],
  "N.SE2P7": [
    -940.5064941691376,
    4581.173323799499
  ],
  "NAVILP3": [
    -1801.3311487677802,
    -229.8713594322071
  ],
  "P.SAOP3": [
    -2400.121322758222,
    13.440059321641456
  ],
  "PERRIP3": [
    -494.5603183872008,
    1949.5699843088964
  ],
  "PYMONP3": [
    1093.2937994999684,
    -1296.3036526506048
  ],
  "PYMONP6": [
    748.317638855031,
    -1050.0460139961997
  ],
  "RIBAUP3": [
    -1629.7218080492548,
    439.97987301461217
  ],
  "ROMELP3": [
    -748.7144889987467,
    1484.596897531134
  ],
  "RONCIP3": [
    -3401.657699743181,
    715.6335034858084
  ],
  "SAISSP3": [
    2320.467829626564,
    -1726.5510689150624
  ],
  "SSUSUP3": [
    -248.11637913928917,
    -1279.2884051350293
  ],
  "SSV.OP7": [
    1939.2082272704083,
    -4933.925225600995
  ],
  "TAVAUP1": [
    -1244.8905543996507,
    992.5119669493715
  ],
  "TAVAUP6": [
    -1234.8905543996507,
    982.5119669493715
  ],
  "TILLEP3": [
    -2059.227049305796,
    589.508808866467
  ],
  "VELARP3": [
    273.96833135853103,
    1952.0858574824056
  ],
  "VIELMP3": [
    491.725674503512,
    1745.5525320939346
  ],
  "VIELMP6": [
    72.48184410592512,
    1839.1694970239869
  ],
  "VIELMP7": [
    1616.6824461842862,
    738.9384339351564
  ],
  "VOSNEP3": [
    -3142.5145558963427,
    1351.6197588734185
  ],
  "VOUGLP1": [
    2600.7574168457213,
    -2386.2063942902923
  ],
  "VOUGLP3": [
    2522.918095799625,
    -2701.25330208354
  ],
  "VOUGLP6": [
    2812.278543446587,
    -2380.810508405003
  ],
  "ZCRIMP3": [
    2737.8974879385905,
    862.5141517866014
  ],
  "ZCUR5P6": [
    -1734.7170175010915,
    -1831.721188286624
  ],
  "ZJOUXP6": [
    -554.2012257000151,
    -3004.0187763587373
  ],
  "ZMAGNP6": [
    602.6736361110952,
    497.2159877119457
  ]
}
