{
  "1GEN.P7": [
    19437.145089486738,
    -18745.50250654083
  ],
  "1GROSP7": [
    17845.563877198834,
    -16660.559978300087
  ],
  "1VIELP7": [
    18279.744330559362,
    -13442.65812447885
  ],
  "2H.PAP7": [
    16615.222114043565,
    -14219.156200620859
  ],
  "AISERP3": [
    18396.212178374706,
    -14596.915512423631
  ],
  "AUXONP3": [
    18793.249489464346,
    -14779.814775746043
  ],
  "B.ROCP3": [
    17863.137500212975,
    -13855.50183200651
  ],
  "BEON P3": [
    18662.73734735653,
    -15032.95171912965
  ],
  "BOCTOP7": [
    16660.147550280763,
    -11111.23788529185
  ],
  "BOISSP6": [
    17471.62541408762,
    -18618.691058975826
  ],
  "BUGEYP1": [
    15215.862906268332,
    -18187.164616512888
  ],
  "BUGEYP7": [
    15215.307185469876,
    -18184.179443351317
  ],
  "BXNE P3": [
    17971.962525831033,
    -15176.268734473153
  ],
  "BXNE5P3": [
    17975.44317415655,
    -14948.620577315269
  ],
  "C.FOUP3": [
    18397.11276570369,
    -15444.934319014548
  ],
  "C.REGP3": [
    18753.404585206514,
    -13909.349763267157
  ],
  "C.REGP6": [
    18828.932219850405,
    -13704.03299764487
  ],
  "C.SAUP3": [
    18609.773076333295,
    -14305.602796877625
  ],
  "CHAGNP3": [
    17689.956990869992,
    -15382.188275445373
  ],
  "CHAL5P3": [
    17694.532948109132,
    -15786.047759900226
  ],
  "CHALOP3": [
    17964.83084779344,
    -16039.184703283834
  ],
  "CHALOP6": [
    17965.439352745452,
    -16274.984679459856
  ],
  "CIZE P6": [
    18237.684468276202,
    -18476.435071766147
  ],
  "COLLOP3": [
    18895.259259619856,
    -14606.358992905909
  ],
  "COMMUP6": [
    16484.72774271437,
    -15519.678462406195
  ],
  "CORGOP3": [
    17688.88602215445,
    -14945.463182625143
  ],
  "COUCHP3": [
    17989.00066448741,
    -14517.607498525354
  ],
  "COUCHP6": [
    18200.90642897652,
    -14518.927863577588
  ],
  "CPVANP3": [
    19080.999311172396,
    -14880.392148420513
  ],
  "CPVANP6": [
    19355.727126907357,
    -14770.399998851855
  ],
  "CRENEP7": [
    17933.26161088299,
    -11490.928948573215
  ],
  "CREYSP7": [
    18933.619411794774,
    -19481.864355453752
  ],
  "CUISEP3": [
    18407.65207147256,
    -16958.130076050158
  ],
  "CURTIP6": [
    16905.983550894136,
    -16074.432709460845
  ],
  "FLEYRP6": [
    17874.918156083953,
    -17749.91855356879
  ],
  "FRON5P3": [
    18400.179630661834,
    -16381.159251812274
  ],
  "FTAINP3": [
    17968.04375394007,
    -15614.486413874165
  ],
  "G.CHEP3": [
    18400.301331652237,
    -16672.070117124993
  ],
  "GEN.PP6": [
    19391.872321056948,
    -18901.76484011384
  ],
  "GEN.PP7": [
    19215.649286953896,
    -18617.22617135755
  ],
  "GENISP1": [
    19872.980676316743,
    -19313.661329234463
  ],
  "GENISP6": [
    19641.894835740175,
    -19094.365916211354
  ],
  "GENLIP3": [
    18691.750863468525,
    -14576.622075642565
  ],
  "GEVREP3": [
    17702.61389387187,
    -14504.432551591111
  ],
  "GROSNP6": [
    17636.3111943005,
    -16556.107621233194
  ],
  "GROSNP7": [
    18069.566720133967,
    -16590.32229823889
  ],
  "GUEUGP6": [
    16213.01811154139,
    -16887.17480628666
  ],
  "H.PAUP6": [
    16215.208729368638,
    -16219.156200620859
  ],
  "H.PAUP7": [
    16615.75131132817,
    -13006.127497032765 
  ],
  "IZERNP6": [
    18834.60348600317,
    -18739.905306862885
  ],
  "KIR  P3": [
    17689.591887898783,
    -14309.047227448667
  ],
  "LOUHAP3": [
    18398.767899173163,
    -16038.668038698179
  ],
  "M.SEIP7": [
    17706.89776873404,
    -11232.30961986403
  ],
  "MACONP6": [
    17247.306148577438,
    -17599.798787847474
  ],
  "MAGNYP3": [
    18828.883539454244,
    -14414.676431627337
  ],
  "MAGNYP6": [
    19057.754422005488,
    -14398.401497179155
  ],
  "MERVAP3": [
    18397.23446669409,
    -15672.95562281763
  ],
  "MEURSP3": [
    17966.607682253318,
    -15389.163247351735
  ],
  "MOLLEP3": [
    17692.269309687643,
    -15599.84758394723
  ],
  "MTAGNP3": [
    17845.734258585395,
    -15256.83970624748
  ],
  "N.GEOP3": [
    17694.02180394944,
    -14735.35291779149
  ],
  "N.SE1P1": [
    16750.59572634802,
    -10839.644534765068
  ],
  "N.SE1P7": [
    16724.356992817207,
    -10947.483915226823
  ],
  "N.SE2P1": [
    16872.68615991997,
    -10916.197004206511
  ],
  "N.SE2P7": [
    16834.37468814121,
    -10995.878164749985
  ],
  "NAVILP3": [
    18396.650301940157,
    -15259.681361468589
  ],
  "P.SAOP3": [
    18396.991064713286,
    -15023.766570940199
  ],
  "PERRIP3": [
    17857.953038021824,
    -14316.969417762066
  ],
  "PYMONP3": [
    19036.43240848694,
    -16039.586553517122
  ],
  "PYMONP6": [
    19318.608324834546,
    -16039.356924812386
  ],
  "RIBAUP3": [
    18924.516177712656,
    -14845.68951041725
  ],
  "ROMELP3": [
    17991.653746078187,
    -14320.873105742583
  ],
  "RONCIP3": [
    18396.674642138238,
    -14801.773020636443
  ],
  "SAISSP3": [
    18726.021862365917,
    -16971.563355277227
  ],
  "SSUSUP3": [
    18396.966724515205,
    -15887.773276098378
  ],
  "SSV.OP7": [
    15215.192562609074,
    -17518.398697144137
  ],
  "TAVAUP1": [
    19591.924409080842,
    -14769.825927090016
  ],
  "TAVAUP6": [
    19535.503829930167,
    -14919.945692811329
  ],
  "TILLEP3": [
    18672.66814817339,
    -14893.825427647582
  ],
  "VELARP3": [
    17867.93251923484,
    -14061.335262214452
  ],
  "VIELMP3": [
    17852.890276821072,
    -13588.87420221965
  ],
  "VIELMP6": [
    18034.078711332553,
    -13527.1040806456
  ],
  "VIELMP7": [
    20401.73740333899,
    -13406.462899894803
  ],
  "VOSNEP3": [
    17979.215904859033,
    -14734.635328089189
  ],
  "VOUGLP1": [
    18852.39617080004,
    -17624.512577194713
  ],
  "VOUGLP3": [
    18412.73917287139,
    -17422.468020614917
  ],
  "VOUGLP6": [
    18598.625265612412,
    -17585.533104565737
  ],
  "ZCRIMP3": [
    18599.86661571452,
    -14167.107984333583
  ],
  "ZCUR5P6": [
    16804.04680133287,
    -16337.702019440942
  ],
  "ZJOUXP6": [
    17139.77115345765,
    -17975.38523803168
  ],
  "ZMAGNP6": [
    19219.348997062138,
    -14343.003572161539
  ]
}
